,DF,PCA,SVD,TSNE
Gussian,133.7146999835968,621.5997641881307,324.21044596036273,26.114532232284542
Kmeans,0.556747833887736,58.31750106811523,49.632494131724044,0.3099426428476969
Spectural,910.1127129395804,844.3783022562662,,
